Cluster,Condition,Region,MFR [Hz]
0,healthy,StrD1,0.42
0,healthy,StrD1,0.00
0,healthy,StrD1,0.00
0,healthy,StrD1,0.00
0,healthy,StrD1,0.00
0,healthy,StrD1,0.00
0,healthy,StrD1,0.00
0,healthy,StrD1,0.70
0,healthy,StrD1,0.25
0,healthy,StrD1,0.00
0,healthy,StrD1,4.45
0,healthy,StrD1,0.00
0,healthy,StrD1,0.00
0,healthy,StrD1,0.00
0,healthy,StrD1,3.50
0,healthy,StrD1,0.00
0,healthy,StrD1,0.06
0,healthy,StrD1,0.00
0,healthy,StrD1,0.00
0,healthy,StrD1,4.50
0,healthy,StrD1,0.30
0,healthy,StrD1,3.23
0,healthy,StrD1,0.00
0,healthy,StrD1,0.00
0,healthy,StrD1,0.00
0,healthy,StrD1,0.00
0,healthy,StrD1,3.96
0,healthy,StrD1,0.00
0,healthy,StrD1,3.76
0,healthy,StrD1,0.00
0,healthy,StrD1,0.00
0,healthy,StrD1,0.00
0,healthy,StrD1,0.00
0,healthy,StrD1,0.00
0,healthy,StrD1,3.11
0,healthy,StrD1,0.30
0,healthy,StrD1,3.19
0,healthy,StrD1,0.00
0,healthy,StrD1,0.00
0,healthy,StrD1,1.70
0,healthy,StrD1,0.00
0,healthy,StrD1,5.50
0,healthy,StrD1,1.33
0,healthy,StrD1,4.74
0,healthy,StrD1,0.00
0,healthy,StrD1,0.00
0,healthy,StrD1,0.00
0,healthy,StrD1,0.12
0,healthy,StrD1,0.00
0,healthy,StrD1,0.00
0,healthy,StrD2,0.50
0,healthy,StrD2,0.50
0,healthy,StrD2,0.50
0,healthy,StrD2,0.50
0,healthy,StrD2,0.50
0,healthy,StrD2,0.50
0,healthy,StrD2,0.50
0,healthy,StrD2,0.50
0,healthy,StrD2,0.50
0,healthy,StrD2,0.50
0,healthy,StrD2,0.76
0,healthy,StrD2,0.50
0,healthy,StrD2,0.50
0,healthy,StrD2,0.50
0,healthy,StrD2,3.89
0,healthy,StrD2,0.50
0,healthy,StrD2,0.55
0,healthy,StrD2,0.50
0,healthy,StrD2,0.50
0,healthy,StrD2,3.46
0,healthy,StrD2,0.80
0,healthy,StrD2,3.54
0,healthy,StrD2,0.50
0,healthy,StrD2,0.70
0,healthy,StrD2,0.50
0,healthy,StrD2,0.50
0,healthy,StrD2,4.47
0,healthy,StrD2,1.12
0,healthy,StrD2,3.98
0,healthy,StrD2,0.50
0,healthy,StrD2,0.50
0,healthy,StrD2,0.50
0,healthy,StrD2,0.50
0,healthy,StrD2,0.54
0,healthy,StrD2,3.22
0,healthy,StrD2,0.50
0,healthy,StrD2,3.94
0,healthy,StrD2,0.50
0,healthy,StrD2,1.00
0,healthy,StrD2,0.50
0,healthy,StrD2,0.50
0,healthy,StrD2,5.30
0,healthy,StrD2,1.90
0,healthy,StrD2,4.97
0,healthy,StrD2,0.50
0,healthy,StrD2,0.50
0,healthy,StrD2,0.50
0,healthy,StrD2,0.50
0,healthy,StrD2,0.50
0,healthy,StrD2,0.50
0,healthy,GPe,10.02
0,healthy,GPe,10.09
0,healthy,GPe,10.66
0,healthy,GPe,44.98
0,healthy,GPe,30.43
0,healthy,GPe,36.08
0,healthy,GPe,38.48
0,healthy,GPe,37.78
0,healthy,GPe,30.12
0,healthy,GPe,53.90
0,healthy,GPe,10.02
0,healthy,GPe,13.07
0,healthy,GPe,9.88
0,healthy,GPe,10.08
0,healthy,GPe,8.67
0,healthy,GPe,36.93
0,healthy,GPe,40.95
0,healthy,GPe,45.10
0,healthy,GPe,43.37
0,healthy,GPe,8.21
0,healthy,GPe,21.85
0,healthy,GPe,9.63
0,healthy,GPe,49.96
0,healthy,GPe,25.33
0,healthy,GPe,19.06
0,healthy,GPe,37.63
0,healthy,GPe,10.00
0,healthy,GPe,32.74
0,healthy,GPe,8.28
0,healthy,GPe,29.71
0,healthy,GPe,45.25
0,healthy,GPe,40.97
0,healthy,GPe,34.95
0,healthy,GPe,45.16
0,healthy,GPe,40.85
0,healthy,GPe,39.52
0,healthy,GPe,9.00
0,healthy,GPe,56.33
0,healthy,GPe,24.62
0,healthy,GPe,49.00
0,healthy,GPe,39.05
0,healthy,GPe,33.20
0,healthy,GPe,45.54
0,healthy,GPe,27.45
0,healthy,GPe,36.48
0,healthy,GPe,45.61
0,healthy,GPe,23.96
0,healthy,GPe,19.05
0,healthy,GPe,59.10
0,healthy,GPe,44.20
0,healthy,GPi,36.50
0,healthy,GPi,26.90
0,healthy,GPi,28.96
0,healthy,GPi,9.40
0,healthy,GPi,16.88
0,healthy,GPi,8.45
0,healthy,GPi,11.60
0,healthy,GPi,10.32
0,healthy,GPi,13.55
0,healthy,GPi,4.59
0,healthy,GPi,33.54
0,healthy,GPi,34.95
0,healthy,GPi,14.82
0,healthy,GPi,21.34
0,healthy,GPi,22.30
0,healthy,GPi,8.70
0,healthy,GPi,13.90
0,healthy,GPi,13.35
0,healthy,GPi,9.10
0,healthy,GPi,14.31
0,healthy,GPi,15.13
0,healthy,GPi,29.93
0,healthy,GPi,6.65
0,healthy,GPi,24.27
0,healthy,GPi,24.65
0,healthy,GPi,11.48
0,healthy,GPi,35.62
0,healthy,GPi,17.10
0,healthy,GPi,18.62
0,healthy,GPi,10.69
0,healthy,GPi,13.00
0,healthy,GPi,10.33
0,healthy,GPi,7.10
0,healthy,GPi,5.80
0,healthy,GPi,11.25
0,healthy,GPi,12.96
0,healthy,GPi,11.10
0,healthy,GPi,1.85
0,healthy,GPi,10.62
0,healthy,GPi,6.33
0,healthy,GPi,9.66
0,healthy,GPi,21.20
0,healthy,GPi,7.65
0,healthy,GPi,10.93
0,healthy,GPi,8.38
0,healthy,GPi,10.45
0,healthy,GPi,41.41
0,healthy,GPi,25.66
0,healthy,GPi,2.00
0,healthy,GPi,14.00
0,healthy,TH,18.02
0,healthy,TH,10.17
0,healthy,TH,8.02
0,healthy,TH,27.70
0,healthy,TH,35.83
0,healthy,TH,34.05
0,healthy,TH,33.50
0,healthy,TH,21.45
0,healthy,TH,13.43
0,healthy,TH,33.25
0,healthy,TH,22.05
0,healthy,TH,19.95
0,healthy,TH,10.08
0,healthy,TH,14.22
0,healthy,TH,12.79
0,healthy,TH,21.11
0,healthy,TH,37.58
0,healthy,TH,38.15
0,healthy,TH,24.12
0,healthy,TH,16.38
0,healthy,TH,14.58
0,healthy,TH,16.75
0,healthy,TH,37.57
0,healthy,TH,29.36
0,healthy,TH,30.33
0,healthy,TH,17.00
0,healthy,TH,20.26
0,healthy,TH,4.28
0,healthy,TH,17.15
0,healthy,TH,21.92
0,healthy,TH,38.81
0,healthy,TH,18.62
0,healthy,TH,20.04
0,healthy,TH,18.52
0,healthy,TH,10.42
0,healthy,TH,15.89
0,healthy,TH,11.40
0,healthy,TH,51.30
0,healthy,TH,15.97
0,healthy,TH,23.60
0,healthy,TH,18.78
0,healthy,TH,23.11
0,healthy,TH,10.32
0,healthy,TH,13.61
0,healthy,TH,22.52
0,healthy,TH,33.09
0,healthy,TH,9.86
0,healthy,TH,20.79
0,healthy,TH,8.39
0,healthy,TH,29.88
0,healthy,STN,20.88
0,healthy,STN,22.08
0,healthy,STN,18.77
0,healthy,STN,4.25
0,healthy,STN,9.71
0,healthy,STN,12.22
0,healthy,STN,12.21
0,healthy,STN,9.93
0,healthy,STN,10.65
0,healthy,STN,1.20
0,healthy,STN,24.04
0,healthy,STN,20.54
0,healthy,STN,18.40
0,healthy,STN,23.94
0,healthy,STN,27.82
0,healthy,STN,7.65
0,healthy,STN,14.45
0,healthy,STN,11.12
0,healthy,STN,5.35
0,healthy,STN,27.37
0,healthy,STN,12.65
0,healthy,STN,27.18
0,healthy,STN,8.93
0,healthy,STN,15.59
0,healthy,STN,19.35
0,healthy,STN,4.95
0,healthy,STN,24.13
0,healthy,STN,11.60
0,healthy,STN,27.65
0,healthy,STN,13.00
0,healthy,STN,12.04
0,healthy,STN,9.58
0,healthy,STN,9.14
0,healthy,STN,5.55
0,healthy,STN,12.52
0,healthy,STN,7.88
0,healthy,STN,24.44
0,healthy,STN,2.20
0,healthy,STN,15.37
0,healthy,STN,4.35
0,healthy,STN,11.06
0,healthy,STN,18.11
0,healthy,STN,10.65
0,healthy,STN,20.21
0,healthy,STN,7.91
0,healthy,STN,9.41
0,healthy,STN,13.17
0,healthy,STN,17.15
0,healthy,STN,2.97
0,healthy,STN,9.78
0,healthy,CTX_RS,4.45
0,healthy,CTX_RS,7.75
0,healthy,CTX_RS,5.25
0,healthy,CTX_RS,11.50
0,healthy,CTX_RS,11.05
0,healthy,CTX_RS,9.88
0,healthy,CTX_RS,12.86
0,healthy,CTX_RS,9.08
0,healthy,CTX_RS,4.85
0,healthy,CTX_RS,13.38
0,healthy,CTX_RS,4.67
0,healthy,CTX_RS,5.11
0,healthy,CTX_RS,3.90
0,healthy,CTX_RS,9.05
0,healthy,CTX_RS,3.58
0,healthy,CTX_RS,6.96
0,healthy,CTX_RS,18.85
0,healthy,CTX_RS,17.30
0,healthy,CTX_RS,9.15
0,healthy,CTX_RS,3.63
0,healthy,CTX_RS,8.18
0,healthy,CTX_RS,3.94
0,healthy,CTX_RS,14.36
0,healthy,CTX_RS,9.00
0,healthy,CTX_RS,16.40
0,healthy,CTX_RS,7.61
0,healthy,CTX_RS,4.00
0,healthy,CTX_RS,4.16
0,healthy,CTX_RS,3.65
0,healthy,CTX_RS,11.50
0,healthy,CTX_RS,18.65
0,healthy,CTX_RS,8.00
0,healthy,CTX_RS,9.60
0,healthy,CTX_RS,2.98
0,healthy,CTX_RS,6.00
0,healthy,CTX_RS,4.68
0,healthy,CTX_RS,4.33
0,healthy,CTX_RS,21.55
0,healthy,CTX_RS,9.82
0,healthy,CTX_RS,4.20
0,healthy,CTX_RS,11.15
0,healthy,CTX_RS,8.07
0,healthy,CTX_RS,9.12
0,healthy,CTX_RS,5.85
0,healthy,CTX_RS,11.05
0,healthy,CTX_RS,10.55
0,healthy,CTX_RS,3.26
0,healthy,CTX_RS,3.69
0,healthy,CTX_RS,5.55
0,healthy,CTX_RS,13.20
0,healthy,CTX_FSI,3.95
0,healthy,CTX_FSI,6.32
0,healthy,CTX_FSI,5.03
0,healthy,CTX_FSI,13.60
0,healthy,CTX_FSI,13.03
0,healthy,CTX_FSI,10.54
0,healthy,CTX_FSI,16.23
0,healthy,CTX_FSI,8.97
0,healthy,CTX_FSI,3.43
0,healthy,CTX_FSI,20.02
0,healthy,CTX_FSI,5.23
0,healthy,CTX_FSI,3.04
0,healthy,CTX_FSI,1.67
0,healthy,CTX_FSI,9.75
0,healthy,CTX_FSI,3.55
0,healthy,CTX_FSI,6.84
0,healthy,CTX_FSI,28.72
0,healthy,CTX_FSI,24.18
0,healthy,CTX_FSI,10.28
0,healthy,CTX_FSI,3.97
0,healthy,CTX_FSI,7.95
0,healthy,CTX_FSI,3.54
0,healthy,CTX_FSI,18.50
0,healthy,CTX_FSI,9.17
0,healthy,CTX_FSI,20.78
0,healthy,CTX_FSI,6.75
0,healthy,CTX_FSI,3.79
0,healthy,CTX_FSI,5.17
0,healthy,CTX_FSI,3.98
0,healthy,CTX_FSI,13.23
0,healthy,CTX_FSI,26.40
0,healthy,CTX_FSI,7.27
0,healthy,CTX_FSI,9.46
0,healthy,CTX_FSI,3.03
0,healthy,CTX_FSI,9.98
0,healthy,CTX_FSI,2.25
0,healthy,CTX_FSI,5.69
0,healthy,CTX_FSI,37.57
0,healthy,CTX_FSI,12.11
0,healthy,CTX_FSI,2.13
0,healthy,CTX_FSI,12.94
0,healthy,CTX_FSI,8.53
0,healthy,CTX_FSI,16.47
0,healthy,CTX_FSI,7.43
0,healthy,CTX_FSI,12.20
0,healthy,CTX_FSI,9.57
0,healthy,CTX_FSI,1.50
0,healthy,CTX_FSI,2.91
0,healthy,CTX_FSI,8.23
0,healthy,CTX_FSI,15.98
0,pd,StrD1,0.50
0,pd,StrD1,0.50
0,pd,StrD1,0.50
0,pd,StrD1,0.50
0,pd,StrD1,0.50
0,pd,StrD1,0.50
0,pd,StrD1,0.50
0,pd,StrD1,0.50
0,pd,StrD1,0.50
0,pd,StrD1,0.50
0,pd,StrD1,4.05
0,pd,StrD1,0.50
0,pd,StrD1,0.50
0,pd,StrD1,0.50
0,pd,StrD1,0.67
0,pd,StrD1,0.50
0,pd,StrD1,0.50
0,pd,StrD1,0.50
0,pd,StrD1,0.50
0,pd,StrD1,2.55
0,pd,StrD1,0.50
0,pd,StrD1,0.50
0,pd,StrD1,0.50
0,pd,StrD1,0.50
0,pd,StrD1,0.50
0,pd,StrD1,0.50
0,pd,StrD1,0.92
0,pd,StrD1,0.50
0,pd,StrD1,0.94
0,pd,StrD1,0.50
0,pd,StrD1,0.50
0,pd,StrD1,0.50
0,pd,StrD1,0.50
0,pd,StrD1,0.50
0,pd,StrD1,0.50
0,pd,StrD1,0.50
0,pd,StrD1,0.52
0,pd,StrD1,0.50
0,pd,StrD1,0.50
0,pd,StrD1,0.90
0,pd,StrD1,0.50
0,pd,StrD1,1.15
0,pd,StrD1,0.50
0,pd,StrD1,0.89
0,pd,StrD1,0.50
0,pd,StrD1,0.50
0,pd,StrD1,0.50
0,pd,StrD1,0.50
0,pd,StrD1,0.50
0,pd,StrD1,0.50
0,pd,StrD2,3.08
0,pd,StrD2,3.08
0,pd,StrD2,4.17
0,pd,StrD2,5.17
0,pd,StrD2,3.08
0,pd,StrD2,3.03
0,pd,StrD2,2.43
0,pd,StrD2,6.40
0,pd,StrD2,4.36
0,pd,StrD2,2.98
0,pd,StrD2,4.36
0,pd,StrD2,1.93
0,pd,StrD2,3.14
0,pd,StrD2,3.88
0,pd,StrD2,4.26
0,pd,StrD2,4.57
0,pd,StrD2,3.82
0,pd,StrD2,2.41
0,pd,StrD2,4.57
0,pd,StrD2,4.54
0,pd,StrD2,4.60
0,pd,StrD2,6.62
0,pd,StrD2,5.12
0,pd,StrD2,8.30
0,pd,StrD2,5.47
0,pd,StrD2,5.03
0,pd,StrD2,4.28
0,pd,StrD2,2.42
0,pd,StrD2,4.35
0,pd,StrD2,4.64
0,pd,StrD2,3.35
0,pd,StrD2,3.94
0,pd,StrD2,4.12
0,pd,StrD2,3.93
0,pd,StrD2,5.12
0,pd,StrD2,4.40
0,pd,StrD2,3.70
0,pd,StrD2,4.68
0,pd,StrD2,6.10
0,pd,StrD2,4.43
0,pd,StrD2,3.02
0,pd,StrD2,7.37
0,pd,StrD2,6.23
0,pd,StrD2,5.20
0,pd,StrD2,6.29
0,pd,StrD2,4.61
0,pd,StrD2,3.37
0,pd,StrD2,3.00
0,pd,StrD2,3.92
0,pd,StrD2,5.31
0,pd,GPe,7.85
0,pd,GPe,7.98
0,pd,GPe,8.04
0,pd,GPe,27.42
0,pd,GPe,22.60
0,pd,GPe,24.95
0,pd,GPe,26.70
0,pd,GPe,26.00
0,pd,GPe,21.25
0,pd,GPe,32.47
0,pd,GPe,7.83
0,pd,GPe,11.53
0,pd,GPe,7.93
0,pd,GPe,7.68
0,pd,GPe,7.90
0,pd,GPe,25.14
0,pd,GPe,26.50
0,pd,GPe,27.25
0,pd,GPe,26.93
0,pd,GPe,6.54
0,pd,GPe,17.25
0,pd,GPe,8.17
0,pd,GPe,29.75
0,pd,GPe,17.59
0,pd,GPe,12.26
0,pd,GPe,23.62
0,pd,GPe,9.39
0,pd,GPe,26.09
0,pd,GPe,7.64
0,pd,GPe,20.93
0,pd,GPe,27.17
0,pd,GPe,26.05
0,pd,GPe,22.31
0,pd,GPe,28.07
0,pd,GPe,27.44
0,pd,GPe,24.60
0,pd,GPe,7.77
0,pd,GPe,30.15
0,pd,GPe,17.10
0,pd,GPe,26.93
0,pd,GPe,26.66
0,pd,GPe,24.59
0,pd,GPe,27.54
0,pd,GPe,21.45
0,pd,GPe,23.72
0,pd,GPe,24.61
0,pd,GPe,16.50
0,pd,GPe,12.75
0,pd,GPe,31.79
0,pd,GPe,24.67
0,pd,GPi,44.70
0,pd,GPi,30.80
0,pd,GPi,33.50
0,pd,GPi,30.53
0,pd,GPi,30.58
0,pd,GPi,24.80
0,pd,GPi,26.35
0,pd,GPi,23.07
0,pd,GPi,28.95
0,pd,GPi,29.12
0,pd,GPi,36.84
0,pd,GPi,39.10
0,pd,GPi,17.66
0,pd,GPi,23.81
0,pd,GPi,26.55
0,pd,GPi,22.15
0,pd,GPi,32.00
0,pd,GPi,38.60
0,pd,GPi,27.50
0,pd,GPi,15.17
0,pd,GPi,19.82
0,pd,GPi,39.83
0,pd,GPi,30.58
0,pd,GPi,35.80
0,pd,GPi,33.15
0,pd,GPi,21.40
0,pd,GPi,43.91
0,pd,GPi,25.55
0,pd,GPi,22.42
0,pd,GPi,16.69
0,pd,GPi,34.05
0,pd,GPi,21.62
0,pd,GPi,11.30
0,pd,GPi,22.70
0,pd,GPi,29.12
0,pd,GPi,29.00
0,pd,GPi,13.85
0,pd,GPi,33.70
0,pd,GPi,15.75
0,pd,GPi,21.93
0,pd,GPi,15.40
0,pd,GPi,32.15
0,pd,GPi,27.25
0,pd,GPi,16.79
0,pd,GPi,13.26
0,pd,GPi,32.90
0,pd,GPi,51.00
0,pd,GPi,29.98
0,pd,GPi,24.58
0,pd,GPi,30.17
0,pd,TH,13.69
0,pd,TH,7.93
0,pd,TH,6.00
0,pd,TH,16.87
0,pd,TH,28.27
0,pd,TH,25.63
0,pd,TH,26.12
0,pd,TH,13.28
0,pd,TH,8.48
0,pd,TH,18.68
0,pd,TH,20.95
0,pd,TH,18.64
0,pd,TH,9.65
0,pd,TH,13.10
0,pd,TH,11.79
0,pd,TH,14.20
0,pd,TH,28.15
0,pd,TH,24.37
0,pd,TH,14.52
0,pd,TH,15.65
0,pd,TH,9.87
0,pd,TH,11.10
0,pd,TH,23.52
0,pd,TH,21.86
0,pd,TH,24.48
0,pd,TH,12.13
0,pd,TH,15.68
0,pd,TH,1.86
0,pd,TH,13.30
0,pd,TH,18.98
0,pd,TH,27.97
0,pd,TH,11.79
0,pd,TH,17.02
0,pd,TH,11.62
0,pd,TH,5.58
0,pd,TH,8.83
0,pd,TH,10.90
0,pd,TH,34.55
0,pd,TH,12.68
0,pd,TH,13.88
0,pd,TH,15.07
0,pd,TH,17.85
0,pd,TH,6.35
0,pd,TH,11.98
0,pd,TH,18.89
0,pd,TH,20.18
0,pd,TH,6.64
0,pd,TH,17.25
0,pd,TH,4.91
0,pd,TH,21.23
0,pd,STN,28.88
0,pd,STN,25.34
0,pd,STN,27.50
0,pd,STN,18.85
0,pd,STN,18.00
0,pd,STN,17.81
0,pd,STN,18.75
0,pd,STN,16.36
0,pd,STN,19.60
0,pd,STN,14.40
0,pd,STN,28.64
0,pd,STN,23.91
0,pd,STN,26.75
0,pd,STN,28.86
0,pd,STN,28.46
0,pd,STN,14.80
0,pd,STN,21.30
0,pd,STN,19.38
0,pd,STN,15.85
0,pd,STN,27.37
0,pd,STN,20.45
0,pd,STN,28.64
0,pd,STN,20.65
0,pd,STN,23.70
0,pd,STN,27.80
0,pd,STN,18.55
0,pd,STN,24.20
0,pd,STN,13.57
0,pd,STN,26.62
0,pd,STN,18.43
0,pd,STN,20.73
0,pd,STN,16.56
0,pd,STN,19.91
0,pd,STN,16.80
0,pd,STN,14.61
0,pd,STN,15.62
0,pd,STN,25.56
0,pd,STN,18.40
0,pd,STN,21.53
0,pd,STN,18.25
0,pd,STN,15.94
0,pd,STN,18.58
0,pd,STN,17.60
0,pd,STN,20.92
0,pd,STN,20.68
0,pd,STN,20.88
0,pd,STN,19.47
0,pd,STN,22.70
0,pd,STN,15.09
0,pd,STN,20.11
0,pd,CTX_RS,5.95
0,pd,CTX_RS,7.05
0,pd,CTX_RS,4.79
0,pd,CTX_RS,11.04
0,pd,CTX_RS,11.30
0,pd,CTX_RS,9.84
0,pd,CTX_RS,13.09
0,pd,CTX_RS,8.58
0,pd,CTX_RS,5.10
0,pd,CTX_RS,10.92
0,pd,CTX_RS,4.72
0,pd,CTX_RS,6.64
0,pd,CTX_RS,4.30
0,pd,CTX_RS,8.90
0,pd,CTX_RS,3.47
0,pd,CTX_RS,7.71
0,pd,CTX_RS,17.90
0,pd,CTX_RS,15.05
0,pd,CTX_RS,8.27
0,pd,CTX_RS,3.75
0,pd,CTX_RS,7.05
0,pd,CTX_RS,3.96
0,pd,CTX_RS,12.73
0,pd,CTX_RS,10.27
0,pd,CTX_RS,14.80
0,pd,CTX_RS,7.71
0,pd,CTX_RS,4.47
0,pd,CTX_RS,2.16
0,pd,CTX_RS,3.54
0,pd,CTX_RS,11.15
0,pd,CTX_RS,17.20
0,pd,CTX_RS,7.08
0,pd,CTX_RS,9.35
0,pd,CTX_RS,4.56
0,pd,CTX_RS,4.62
0,pd,CTX_RS,4.75
0,pd,CTX_RS,3.83
0,pd,CTX_RS,19.15
0,pd,CTX_RS,8.59
0,pd,CTX_RS,5.10
0,pd,CTX_RS,10.25
0,pd,CTX_RS,7.21
0,pd,CTX_RS,6.04
0,pd,CTX_RS,5.17
0,pd,CTX_RS,11.70
0,pd,CTX_RS,10.30
0,pd,CTX_RS,3.84
0,pd,CTX_RS,4.12
0,pd,CTX_RS,3.95
0,pd,CTX_RS,12.40
0,pd,CTX_FSI,8.87
0,pd,CTX_FSI,7.29
0,pd,CTX_FSI,5.50
0,pd,CTX_FSI,17.52
0,pd,CTX_FSI,15.58
0,pd,CTX_FSI,14.29
0,pd,CTX_FSI,19.06
0,pd,CTX_FSI,14.25
0,pd,CTX_FSI,7.52
0,pd,CTX_FSI,16.47
0,pd,CTX_FSI,6.30
0,pd,CTX_FSI,7.56
0,pd,CTX_FSI,3.46
0,pd,CTX_FSI,11.12
0,pd,CTX_FSI,2.97
0,pd,CTX_FSI,13.59
0,pd,CTX_FSI,31.05
0,pd,CTX_FSI,22.10
0,pd,CTX_FSI,12.38
0,pd,CTX_FSI,3.76
0,pd,CTX_FSI,8.35
0,pd,CTX_FSI,4.37
0,pd,CTX_FSI,20.00
0,pd,CTX_FSI,15.12
0,pd,CTX_FSI,19.94
0,pd,CTX_FSI,11.41
0,pd,CTX_FSI,5.04
0,pd,CTX_FSI,2.10
0,pd,CTX_FSI,3.67
0,pd,CTX_FSI,16.57
0,pd,CTX_FSI,27.76
0,pd,CTX_FSI,9.67
0,pd,CTX_FSI,11.07
0,pd,CTX_FSI,6.32
0,pd,CTX_FSI,6.36
0,pd,CTX_FSI,5.95
0,pd,CTX_FSI,3.54
0,pd,CTX_FSI,35.39
0,pd,CTX_FSI,11.79
0,pd,CTX_FSI,5.27
0,pd,CTX_FSI,16.06
0,pd,CTX_FSI,8.35
0,pd,CTX_FSI,9.08
0,pd,CTX_FSI,5.80
0,pd,CTX_FSI,16.70
0,pd,CTX_FSI,11.84
0,pd,CTX_FSI,3.65
0,pd,CTX_FSI,3.75
0,pd,CTX_FSI,4.73
0,pd,CTX_FSI,19.54
1,healthy,StrD1,0.42
1,healthy,StrD1,0.00
1,healthy,StrD1,0.00
1,healthy,StrD1,0.00
1,healthy,StrD1,0.00
1,healthy,StrD1,0.00
1,healthy,StrD1,0.00
1,healthy,StrD1,0.70
1,healthy,StrD1,0.25
1,healthy,StrD1,0.00
1,healthy,StrD1,4.45
1,healthy,StrD1,0.00
1,healthy,StrD1,0.00
1,healthy,StrD1,0.00
1,healthy,StrD1,3.50
1,healthy,StrD1,0.00
1,healthy,StrD1,0.06
1,healthy,StrD1,0.00
1,healthy,StrD1,0.00
1,healthy,StrD1,4.50
1,healthy,StrD1,0.30
1,healthy,StrD1,3.23
1,healthy,StrD1,0.00
1,healthy,StrD1,0.00
1,healthy,StrD1,0.00
1,healthy,StrD1,0.00
1,healthy,StrD1,3.96
1,healthy,StrD1,0.00
1,healthy,StrD1,3.76
1,healthy,StrD1,0.00
1,healthy,StrD1,0.00
1,healthy,StrD1,0.00
1,healthy,StrD1,0.00
1,healthy,StrD1,0.00
1,healthy,StrD1,3.11
1,healthy,StrD1,0.30
1,healthy,StrD1,3.19
1,healthy,StrD1,0.00
1,healthy,StrD1,0.00
1,healthy,StrD1,1.70
1,healthy,StrD1,0.00
1,healthy,StrD1,5.50
1,healthy,StrD1,1.33
1,healthy,StrD1,4.74
1,healthy,StrD1,0.00
1,healthy,StrD1,0.00
1,healthy,StrD1,0.00
1,healthy,StrD1,0.12
1,healthy,StrD1,0.00
1,healthy,StrD1,0.00
1,healthy,StrD1,1.46
1,healthy,StrD1,2.90
1,healthy,StrD1,2.03
1,healthy,StrD1,2.52
1,healthy,StrD1,6.57
1,healthy,StrD1,2.80
1,healthy,StrD1,4.53
1,healthy,StrD1,0.00
1,healthy,StrD1,4.22
1,healthy,StrD1,3.52
1,healthy,StrD1,2.81
1,healthy,StrD1,4.31
1,healthy,StrD1,3.05
1,healthy,StrD1,0.00
1,healthy,StrD1,0.00
1,healthy,StrD1,4.07
1,healthy,StrD1,2.10
1,healthy,StrD1,0.00
1,healthy,StrD1,2.98
1,healthy,StrD1,2.82
1,healthy,StrD1,3.48
1,healthy,StrD1,4.72
1,healthy,StrD1,3.95
1,healthy,StrD1,0.00
1,healthy,StrD1,3.90
1,healthy,StrD1,4.55
1,healthy,StrD1,4.62
1,healthy,StrD1,4.55
1,healthy,StrD1,0.32
1,healthy,StrD1,2.67
1,healthy,StrD1,3.39
1,healthy,StrD1,4.15
1,healthy,StrD1,2.08
1,healthy,StrD1,4.18
1,healthy,StrD1,3.60
1,healthy,StrD1,6.15
1,healthy,StrD1,0.00
1,healthy,StrD1,0.00
1,healthy,StrD1,3.57
1,healthy,StrD1,1.00
1,healthy,StrD1,0.00
1,healthy,StrD1,2.25
1,healthy,StrD1,2.08
1,healthy,StrD1,0.00
1,healthy,StrD1,4.67
1,healthy,StrD1,1.22
1,healthy,StrD1,1.08
1,healthy,StrD1,2.29
1,healthy,StrD1,4.15
1,healthy,StrD1,0.00
1,healthy,StrD2,0.50
1,healthy,StrD2,0.50
1,healthy,StrD2,0.50
1,healthy,StrD2,0.50
1,healthy,StrD2,0.50
1,healthy,StrD2,0.50
1,healthy,StrD2,0.50
1,healthy,StrD2,0.50
1,healthy,StrD2,0.50
1,healthy,StrD2,0.50
1,healthy,StrD2,0.76
1,healthy,StrD2,0.50
1,healthy,StrD2,0.50
1,healthy,StrD2,0.50
1,healthy,StrD2,3.89
1,healthy,StrD2,0.50
1,healthy,StrD2,0.55
1,healthy,StrD2,0.50
1,healthy,StrD2,0.50
1,healthy,StrD2,3.46
1,healthy,StrD2,0.80
1,healthy,StrD2,3.54
1,healthy,StrD2,0.50
1,healthy,StrD2,0.70
1,healthy,StrD2,0.50
1,healthy,StrD2,0.50
1,healthy,StrD2,4.47
1,healthy,StrD2,1.12
1,healthy,StrD2,3.98
1,healthy,StrD2,0.50
1,healthy,StrD2,0.50
1,healthy,StrD2,0.50
1,healthy,StrD2,0.50
1,healthy,StrD2,0.54
1,healthy,StrD2,3.22
1,healthy,StrD2,0.50
1,healthy,StrD2,3.94
1,healthy,StrD2,0.50
1,healthy,StrD2,1.00
1,healthy,StrD2,0.50
1,healthy,StrD2,0.50
1,healthy,StrD2,5.30
1,healthy,StrD2,1.90
1,healthy,StrD2,4.97
1,healthy,StrD2,0.50
1,healthy,StrD2,0.50
1,healthy,StrD2,0.50
1,healthy,StrD2,0.50
1,healthy,StrD2,0.50
1,healthy,StrD2,0.50
1,healthy,StrD2,2.06
1,healthy,StrD2,3.48
1,healthy,StrD2,2.62
1,healthy,StrD2,3.17
1,healthy,StrD2,6.84
1,healthy,StrD2,3.30
1,healthy,StrD2,5.09
1,healthy,StrD2,0.50
1,healthy,StrD2,4.80
1,healthy,StrD2,4.79
1,healthy,StrD2,2.96
1,healthy,StrD2,4.80
1,healthy,StrD2,3.53
1,healthy,StrD2,1.90
1,healthy,StrD2,0.50
1,healthy,StrD2,4.79
1,healthy,StrD2,2.67
1,healthy,StrD2,0.50
1,healthy,StrD2,3.62
1,healthy,StrD2,4.30
1,healthy,StrD2,3.80
1,healthy,StrD2,4.97
1,healthy,StrD2,4.14
1,healthy,StrD2,0.50
1,healthy,StrD2,4.90
1,healthy,StrD2,4.91
1,healthy,StrD2,5.10
1,healthy,StrD2,4.86
1,healthy,StrD2,0.80
1,healthy,StrD2,3.17
1,healthy,StrD2,3.94
1,healthy,StrD2,4.25
1,healthy,StrD2,2.50
1,healthy,StrD2,4.50
1,healthy,StrD2,4.14
1,healthy,StrD2,6.65
1,healthy,StrD2,0.50
1,healthy,StrD2,0.50
1,healthy,StrD2,4.35
1,healthy,StrD2,1.65
1,healthy,StrD2,0.50
1,healthy,StrD2,2.75
1,healthy,StrD2,2.54
1,healthy,StrD2,0.50
1,healthy,StrD2,5.36
1,healthy,StrD2,1.96
1,healthy,StrD2,0.50
1,healthy,StrD2,2.41
1,healthy,StrD2,6.15
1,healthy,StrD2,0.50
1,healthy,GPe,10.02
1,healthy,GPe,10.09
1,healthy,GPe,10.66
1,healthy,GPe,44.98
1,healthy,GPe,30.43
1,healthy,GPe,36.08
1,healthy,GPe,38.48
1,healthy,GPe,37.78
1,healthy,GPe,30.12
1,healthy,GPe,53.90
1,healthy,GPe,10.02
1,healthy,GPe,13.07
1,healthy,GPe,9.88
1,healthy,GPe,10.08
1,healthy,GPe,8.67
1,healthy,GPe,36.93
1,healthy,GPe,40.95
1,healthy,GPe,45.10
1,healthy,GPe,43.37
1,healthy,GPe,8.21
1,healthy,GPe,21.85
1,healthy,GPe,9.63
1,healthy,GPe,49.96
1,healthy,GPe,25.33
1,healthy,GPe,19.06
1,healthy,GPe,37.63
1,healthy,GPe,10.00
1,healthy,GPe,32.74
1,healthy,GPe,8.28
1,healthy,GPe,29.71
1,healthy,GPe,45.25
1,healthy,GPe,40.97
1,healthy,GPe,34.95
1,healthy,GPe,45.16
1,healthy,GPe,40.85
1,healthy,GPe,39.52
1,healthy,GPe,9.00
1,healthy,GPe,56.33
1,healthy,GPe,24.62
1,healthy,GPe,49.00
1,healthy,GPe,39.05
1,healthy,GPe,33.20
1,healthy,GPe,45.54
1,healthy,GPe,27.45
1,healthy,GPe,36.48
1,healthy,GPe,45.61
1,healthy,GPe,23.96
1,healthy,GPe,19.05
1,healthy,GPe,59.10
1,healthy,GPe,44.20
1,healthy,GPe,56.35
1,healthy,GPe,49.55
1,healthy,GPe,52.60
1,healthy,GPe,50.20
1,healthy,GPe,49.83
1,healthy,GPe,54.55
1,healthy,GPe,50.35
1,healthy,GPe,61.14
1,healthy,GPe,46.20
1,healthy,GPe,46.70
1,healthy,GPe,50.90
1,healthy,GPe,43.80
1,healthy,GPe,44.00
1,healthy,GPe,54.65
1,healthy,GPe,61.42
1,healthy,GPe,51.23
1,healthy,GPe,52.95
1,healthy,GPe,53.50
1,healthy,GPe,43.64
1,healthy,GPe,52.94
1,healthy,GPe,49.90
1,healthy,GPe,32.62
1,healthy,GPe,47.59
1,healthy,GPe,59.00
1,healthy,GPe,43.85
1,healthy,GPe,49.50
1,healthy,GPe,48.70
1,healthy,GPe,45.00
1,healthy,GPe,55.88
1,healthy,GPe,47.15
1,healthy,GPe,51.04
1,healthy,GPe,43.90
1,healthy,GPe,50.92
1,healthy,GPe,44.08
1,healthy,GPe,50.10
1,healthy,GPe,51.54
1,healthy,GPe,59.50
1,healthy,GPe,53.80
1,healthy,GPe,57.04
1,healthy,GPe,53.77
1,healthy,GPe,66.70
1,healthy,GPe,57.47
1,healthy,GPe,43.18
1,healthy,GPe,57.04
1,healthy,GPe,50.17
1,healthy,GPe,46.55
1,healthy,GPe,60.85
1,healthy,GPe,42.05
1,healthy,GPe,55.93
1,healthy,GPe,55.64
1,healthy,GPi,36.50
1,healthy,GPi,26.90
1,healthy,GPi,28.96
1,healthy,GPi,9.40
1,healthy,GPi,16.88
1,healthy,GPi,8.45
1,healthy,GPi,11.60
1,healthy,GPi,10.32
1,healthy,GPi,13.55
1,healthy,GPi,4.59
1,healthy,GPi,33.54
1,healthy,GPi,34.95
1,healthy,GPi,14.82
1,healthy,GPi,21.34
1,healthy,GPi,22.30
1,healthy,GPi,8.70
1,healthy,GPi,13.90
1,healthy,GPi,13.35
1,healthy,GPi,9.10
1,healthy,GPi,14.31
1,healthy,GPi,15.13
1,healthy,GPi,29.93
1,healthy,GPi,6.65
1,healthy,GPi,24.27
1,healthy,GPi,24.65
1,healthy,GPi,11.48
1,healthy,GPi,35.62
1,healthy,GPi,17.10
1,healthy,GPi,18.62
1,healthy,GPi,10.69
1,healthy,GPi,13.00
1,healthy,GPi,10.33
1,healthy,GPi,7.10
1,healthy,GPi,5.80
1,healthy,GPi,11.25
1,healthy,GPi,12.96
1,healthy,GPi,11.10
1,healthy,GPi,1.85
1,healthy,GPi,10.62
1,healthy,GPi,6.33
1,healthy,GPi,9.66
1,healthy,GPi,21.20
1,healthy,GPi,7.65
1,healthy,GPi,10.93
1,healthy,GPi,8.38
1,healthy,GPi,10.45
1,healthy,GPi,41.41
1,healthy,GPi,25.66
1,healthy,GPi,2.00
1,healthy,GPi,14.00
1,healthy,GPi,6.50
1,healthy,GPi,10.45
1,healthy,GPi,3.00
1,healthy,GPi,7.69
1,healthy,GPi,5.00
1,healthy,GPi,4.81
1,healthy,GPi,7.65
1,healthy,GPi,3.55
1,healthy,GPi,8.95
1,healthy,GPi,6.14
1,healthy,GPi,14.60
1,healthy,GPi,11.35
1,healthy,GPi,6.43
1,healthy,GPi,9.05
1,healthy,GPi,2.58
1,healthy,GPi,9.79
1,healthy,GPi,9.50
1,healthy,GPi,6.44
1,healthy,GPi,7.52
1,healthy,GPi,4.30
1,healthy,GPi,5.79
1,healthy,GPi,8.35
1,healthy,GPi,14.75
1,healthy,GPi,3.03
1,healthy,GPi,12.44
1,healthy,GPi,13.25
1,healthy,GPi,11.27
1,healthy,GPi,9.17
1,healthy,GPi,3.04
1,healthy,GPi,10.00
1,healthy,GPi,15.73
1,healthy,GPi,9.08
1,healthy,GPi,12.60
1,healthy,GPi,14.00
1,healthy,GPi,15.29
1,healthy,GPi,9.35
1,healthy,GPi,6.19
1,healthy,GPi,2.50
1,healthy,GPi,5.88
1,healthy,GPi,10.55
1,healthy,GPi,1.52
1,healthy,GPi,4.30
1,healthy,GPi,14.17
1,healthy,GPi,7.65
1,healthy,GPi,10.94
1,healthy,GPi,10.68
1,healthy,GPi,4.98
1,healthy,GPi,14.10
1,healthy,GPi,11.53
1,healthy,GPi,5.29
1,healthy,TH,18.02
1,healthy,TH,10.17
1,healthy,TH,8.02
1,healthy,TH,27.70
1,healthy,TH,35.83
1,healthy,TH,34.05
1,healthy,TH,33.50
1,healthy,TH,21.45
1,healthy,TH,13.43
1,healthy,TH,33.25
1,healthy,TH,22.05
1,healthy,TH,19.95
1,healthy,TH,10.08
1,healthy,TH,14.22
1,healthy,TH,12.79
1,healthy,TH,21.11
1,healthy,TH,37.58
1,healthy,TH,38.15
1,healthy,TH,24.12
1,healthy,TH,16.38
1,healthy,TH,14.58
1,healthy,TH,16.75
1,healthy,TH,37.57
1,healthy,TH,29.36
1,healthy,TH,30.33
1,healthy,TH,17.00
1,healthy,TH,20.26
1,healthy,TH,4.28
1,healthy,TH,17.15
1,healthy,TH,21.92
1,healthy,TH,38.81
1,healthy,TH,18.62
1,healthy,TH,20.04
1,healthy,TH,18.52
1,healthy,TH,10.42
1,healthy,TH,15.89
1,healthy,TH,11.40
1,healthy,TH,51.30
1,healthy,TH,15.97
1,healthy,TH,23.60
1,healthy,TH,18.78
1,healthy,TH,23.11
1,healthy,TH,10.32
1,healthy,TH,13.61
1,healthy,TH,22.52
1,healthy,TH,33.09
1,healthy,TH,9.86
1,healthy,TH,20.79
1,healthy,TH,8.39
1,healthy,TH,29.88
1,healthy,TH,11.85
1,healthy,TH,6.70
1,healthy,TH,11.94
1,healthy,TH,5.73
1,healthy,TH,6.80
1,healthy,TH,5.96
1,healthy,TH,5.52
1,healthy,TH,16.58
1,healthy,TH,10.79
1,healthy,TH,7.94
1,healthy,TH,15.30
1,healthy,TH,4.60
1,healthy,TH,5.55
1,healthy,TH,7.75
1,healthy,TH,8.76
1,healthy,TH,11.22
1,healthy,TH,10.15
1,healthy,TH,10.70
1,healthy,TH,5.18
1,healthy,TH,9.40
1,healthy,TH,8.58
1,healthy,TH,8.81
1,healthy,TH,7.91
1,healthy,TH,11.03
1,healthy,TH,10.00
1,healthy,TH,15.38
1,healthy,TH,11.83
1,healthy,TH,5.09
1,healthy,TH,11.72
1,healthy,TH,4.29
1,healthy,TH,16.12
1,healthy,TH,10.46
1,healthy,TH,10.58
1,healthy,TH,9.18
1,healthy,TH,7.40
1,healthy,TH,9.32
1,healthy,TH,12.70
1,healthy,TH,7.67
1,healthy,TH,7.22
1,healthy,TH,14.02
1,healthy,TH,14.62
1,healthy,TH,11.98
1,healthy,TH,4.89
1,healthy,TH,23.63
1,healthy,TH,8.10
1,healthy,TH,5.00
1,healthy,TH,11.40
1,healthy,TH,3.85
1,healthy,TH,16.60
1,healthy,TH,6.66
1,healthy,STN,20.88
1,healthy,STN,22.08
1,healthy,STN,18.77
1,healthy,STN,4.25
1,healthy,STN,9.71
1,healthy,STN,12.22
1,healthy,STN,12.21
1,healthy,STN,9.93
1,healthy,STN,10.65
1,healthy,STN,1.20
1,healthy,STN,24.04
1,healthy,STN,20.54
1,healthy,STN,18.40
1,healthy,STN,23.94
1,healthy,STN,27.82
1,healthy,STN,7.65
1,healthy,STN,14.45
1,healthy,STN,11.12
1,healthy,STN,5.35
1,healthy,STN,27.37
1,healthy,STN,12.65
1,healthy,STN,27.18
1,healthy,STN,8.93
1,healthy,STN,15.59
1,healthy,STN,19.35
1,healthy,STN,4.95
1,healthy,STN,24.13
1,healthy,STN,11.60
1,healthy,STN,27.65
1,healthy,STN,13.00
1,healthy,STN,12.04
1,healthy,STN,9.58
1,healthy,STN,9.14
1,healthy,STN,5.55
1,healthy,STN,12.52
1,healthy,STN,7.88
1,healthy,STN,24.44
1,healthy,STN,2.20
1,healthy,STN,15.37
1,healthy,STN,4.35
1,healthy,STN,11.06
1,healthy,STN,18.11
1,healthy,STN,10.65
1,healthy,STN,20.21
1,healthy,STN,7.91
1,healthy,STN,9.41
1,healthy,STN,13.17
1,healthy,STN,17.15
1,healthy,STN,2.97
1,healthy,STN,9.78
1,healthy,STN,8.38
1,healthy,STN,12.64
1,healthy,STN,9.27
1,healthy,STN,12.40
1,healthy,STN,12.54
1,healthy,STN,8.75
1,healthy,STN,12.85
1,healthy,STN,4.95
1,healthy,STN,12.79
1,healthy,STN,13.00
1,healthy,STN,11.28
1,healthy,STN,15.20
1,healthy,STN,12.15
1,healthy,STN,9.00
1,healthy,STN,3.80
1,healthy,STN,12.25
1,healthy,STN,10.53
1,healthy,STN,5.63
1,healthy,STN,12.70
1,healthy,STN,9.37
1,healthy,STN,10.12
1,healthy,STN,15.89
1,healthy,STN,12.25
1,healthy,STN,4.78
1,healthy,STN,14.34
1,healthy,STN,12.03
1,healthy,STN,15.11
1,healthy,STN,14.10
1,healthy,STN,7.26
1,healthy,STN,13.45
1,healthy,STN,12.04
1,healthy,STN,14.69
1,healthy,STN,10.25
1,healthy,STN,14.16
1,healthy,STN,12.00
1,healthy,STN,12.69
1,healthy,STN,5.29
1,healthy,STN,4.57
1,healthy,STN,9.48
1,healthy,STN,11.08
1,healthy,STN,4.27
1,healthy,STN,8.20
1,healthy,STN,11.63
1,healthy,STN,6.00
1,healthy,STN,11.93
1,healthy,STN,10.36
1,healthy,STN,4.30
1,healthy,STN,11.15
1,healthy,STN,10.02
1,healthy,STN,4.38
1,healthy,CTX_RS,4.45
1,healthy,CTX_RS,7.75
1,healthy,CTX_RS,5.25
1,healthy,CTX_RS,11.50
1,healthy,CTX_RS,11.05
1,healthy,CTX_RS,9.88
1,healthy,CTX_RS,12.86
1,healthy,CTX_RS,9.08
1,healthy,CTX_RS,4.85
1,healthy,CTX_RS,13.38
1,healthy,CTX_RS,4.67
1,healthy,CTX_RS,5.11
1,healthy,CTX_RS,3.90
1,healthy,CTX_RS,9.05
1,healthy,CTX_RS,3.58
1,healthy,CTX_RS,6.96
1,healthy,CTX_RS,18.85
1,healthy,CTX_RS,17.30
1,healthy,CTX_RS,9.15
1,healthy,CTX_RS,3.63
1,healthy,CTX_RS,8.18
1,healthy,CTX_RS,3.94
1,healthy,CTX_RS,14.36
1,healthy,CTX_RS,9.00
1,healthy,CTX_RS,16.40
1,healthy,CTX_RS,7.61
1,healthy,CTX_RS,4.00
1,healthy,CTX_RS,4.16
1,healthy,CTX_RS,3.65
1,healthy,CTX_RS,11.50
1,healthy,CTX_RS,18.65
1,healthy,CTX_RS,8.00
1,healthy,CTX_RS,9.60
1,healthy,CTX_RS,2.98
1,healthy,CTX_RS,6.00
1,healthy,CTX_RS,4.68
1,healthy,CTX_RS,4.33
1,healthy,CTX_RS,21.55
1,healthy,CTX_RS,9.82
1,healthy,CTX_RS,4.20
1,healthy,CTX_RS,11.15
1,healthy,CTX_RS,8.07
1,healthy,CTX_RS,9.12
1,healthy,CTX_RS,5.85
1,healthy,CTX_RS,11.05
1,healthy,CTX_RS,10.55
1,healthy,CTX_RS,3.26
1,healthy,CTX_RS,3.69
1,healthy,CTX_RS,5.55
1,healthy,CTX_RS,13.20
1,healthy,CTX_RS,10.41
1,healthy,CTX_RS,5.03
1,healthy,CTX_RS,8.15
1,healthy,CTX_RS,4.87
1,healthy,CTX_RS,8.75
1,healthy,CTX_RS,5.80
1,healthy,CTX_RS,4.85
1,healthy,CTX_RS,12.20
1,healthy,CTX_RS,8.90
1,healthy,CTX_RS,4.53
1,healthy,CTX_RS,12.35
1,healthy,CTX_RS,4.60
1,healthy,CTX_RS,3.45
1,healthy,CTX_RS,7.12
1,healthy,CTX_RS,4.65
1,healthy,CTX_RS,10.55
1,healthy,CTX_RS,9.09
1,healthy,CTX_RS,8.25
1,healthy,CTX_RS,5.25
1,healthy,CTX_RS,6.75
1,healthy,CTX_RS,6.60
1,healthy,CTX_RS,7.53
1,healthy,CTX_RS,5.00
1,healthy,CTX_RS,9.86
1,healthy,CTX_RS,5.46
1,healthy,CTX_RS,13.45
1,healthy,CTX_RS,9.07
1,healthy,CTX_RS,5.05
1,healthy,CTX_RS,10.70
1,healthy,CTX_RS,2.78
1,healthy,CTX_RS,8.90
1,healthy,CTX_RS,4.71
1,healthy,CTX_RS,6.88
1,healthy,CTX_RS,8.30
1,healthy,CTX_RS,4.23
1,healthy,CTX_RS,6.31
1,healthy,CTX_RS,8.90
1,healthy,CTX_RS,7.05
1,healthy,CTX_RS,7.45
1,healthy,CTX_RS,12.90
1,healthy,CTX_RS,8.69
1,healthy,CTX_RS,6.16
1,healthy,CTX_RS,2.96
1,healthy,CTX_RS,14.85
1,healthy,CTX_RS,8.70
1,healthy,CTX_RS,3.31
1,healthy,CTX_RS,7.27
1,healthy,CTX_RS,3.00
1,healthy,CTX_RS,3.87
1,healthy,CTX_RS,5.42
1,healthy,CTX_FSI,3.95
1,healthy,CTX_FSI,6.32
1,healthy,CTX_FSI,5.03
1,healthy,CTX_FSI,13.60
1,healthy,CTX_FSI,13.03
1,healthy,CTX_FSI,10.54
1,healthy,CTX_FSI,16.23
1,healthy,CTX_FSI,8.97
1,healthy,CTX_FSI,3.43
1,healthy,CTX_FSI,20.02
1,healthy,CTX_FSI,5.23
1,healthy,CTX_FSI,3.04
1,healthy,CTX_FSI,1.67
1,healthy,CTX_FSI,9.75
1,healthy,CTX_FSI,3.55
1,healthy,CTX_FSI,6.84
1,healthy,CTX_FSI,28.72
1,healthy,CTX_FSI,24.18
1,healthy,CTX_FSI,10.28
1,healthy,CTX_FSI,3.97
1,healthy,CTX_FSI,7.95
1,healthy,CTX_FSI,3.54
1,healthy,CTX_FSI,18.50
1,healthy,CTX_FSI,9.17
1,healthy,CTX_FSI,20.78
1,healthy,CTX_FSI,6.75
1,healthy,CTX_FSI,3.79
1,healthy,CTX_FSI,5.17
1,healthy,CTX_FSI,3.98
1,healthy,CTX_FSI,13.23
1,healthy,CTX_FSI,26.40
1,healthy,CTX_FSI,7.27
1,healthy,CTX_FSI,9.46
1,healthy,CTX_FSI,3.03
1,healthy,CTX_FSI,9.98
1,healthy,CTX_FSI,2.25
1,healthy,CTX_FSI,5.69
1,healthy,CTX_FSI,37.57
1,healthy,CTX_FSI,12.11
1,healthy,CTX_FSI,2.13
1,healthy,CTX_FSI,12.94
1,healthy,CTX_FSI,8.53
1,healthy,CTX_FSI,16.47
1,healthy,CTX_FSI,7.43
1,healthy,CTX_FSI,12.20
1,healthy,CTX_FSI,9.57
1,healthy,CTX_FSI,1.50
1,healthy,CTX_FSI,2.91
1,healthy,CTX_FSI,8.23
1,healthy,CTX_FSI,15.98
1,healthy,CTX_FSI,17.23
1,healthy,CTX_FSI,7.33
1,healthy,CTX_FSI,11.43
1,healthy,CTX_FSI,6.65
1,healthy,CTX_FSI,15.61
1,healthy,CTX_FSI,8.15
1,healthy,CTX_FSI,6.17
1,healthy,CTX_FSI,18.73
1,healthy,CTX_FSI,13.60
1,healthy,CTX_FSI,4.82
1,healthy,CTX_FSI,15.21
1,healthy,CTX_FSI,4.98
1,healthy,CTX_FSI,3.28
1,healthy,CTX_FSI,13.52
1,healthy,CTX_FSI,4.52
1,healthy,CTX_FSI,18.65
1,healthy,CTX_FSI,15.78
1,healthy,CTX_FSI,10.87
1,healthy,CTX_FSI,7.19
1,healthy,CTX_FSI,8.87
1,healthy,CTX_FSI,10.05
1,healthy,CTX_FSI,10.95
1,healthy,CTX_FSI,7.22
1,healthy,CTX_FSI,15.20
1,healthy,CTX_FSI,8.67
1,healthy,CTX_FSI,22.90
1,healthy,CTX_FSI,15.02
1,healthy,CTX_FSI,6.71
1,healthy,CTX_FSI,16.45
1,healthy,CTX_FSI,3.10
1,healthy,CTX_FSI,14.32
1,healthy,CTX_FSI,5.80
1,healthy,CTX_FSI,10.75
1,healthy,CTX_FSI,13.57
1,healthy,CTX_FSI,5.38
1,healthy,CTX_FSI,11.65
1,healthy,CTX_FSI,11.17
1,healthy,CTX_FSI,8.52
1,healthy,CTX_FSI,14.05
1,healthy,CTX_FSI,22.45
1,healthy,CTX_FSI,11.87
1,healthy,CTX_FSI,6.17
1,healthy,CTX_FSI,3.21
1,healthy,CTX_FSI,16.36
1,healthy,CTX_FSI,15.55
1,healthy,CTX_FSI,3.18
1,healthy,CTX_FSI,9.17
1,healthy,CTX_FSI,2.44
1,healthy,CTX_FSI,5.80
1,healthy,CTX_FSI,6.33
1,pd,StrD1,0.50
1,pd,StrD1,0.50
1,pd,StrD1,0.50
1,pd,StrD1,0.50
1,pd,StrD1,0.50
1,pd,StrD1,0.50
1,pd,StrD1,0.50
1,pd,StrD1,0.50
1,pd,StrD1,0.50
1,pd,StrD1,0.50
1,pd,StrD1,4.05
1,pd,StrD1,0.50
1,pd,StrD1,0.50
1,pd,StrD1,0.50
1,pd,StrD1,0.67
1,pd,StrD1,0.50
1,pd,StrD1,0.50
1,pd,StrD1,0.50
1,pd,StrD1,0.50
1,pd,StrD1,2.55
1,pd,StrD1,0.50
1,pd,StrD1,0.50
1,pd,StrD1,0.50
1,pd,StrD1,0.50
1,pd,StrD1,0.50
1,pd,StrD1,0.50
1,pd,StrD1,0.92
1,pd,StrD1,0.50
1,pd,StrD1,0.94
1,pd,StrD1,0.50
1,pd,StrD1,0.50
1,pd,StrD1,0.50
1,pd,StrD1,0.50
1,pd,StrD1,0.50
1,pd,StrD1,0.50
1,pd,StrD1,0.50
1,pd,StrD1,0.52
1,pd,StrD1,0.50
1,pd,StrD1,0.50
1,pd,StrD1,0.90
1,pd,StrD1,0.50
1,pd,StrD1,1.15
1,pd,StrD1,0.50
1,pd,StrD1,0.89
1,pd,StrD1,0.50
1,pd,StrD1,0.50
1,pd,StrD1,0.50
1,pd,StrD1,0.50
1,pd,StrD1,0.50
1,pd,StrD1,0.50
1,pd,StrD1,0.50
1,pd,StrD1,0.50
1,pd,StrD1,0.50
1,pd,StrD1,0.50
1,pd,StrD1,0.50
1,pd,StrD1,0.50
1,pd,StrD1,0.50
1,pd,StrD1,0.50
1,pd,StrD1,0.50
1,pd,StrD1,0.50
1,pd,StrD1,0.50
1,pd,StrD1,0.50
1,pd,StrD1,0.50
1,pd,StrD1,0.50
1,pd,StrD1,0.50
1,pd,StrD1,0.50
1,pd,StrD1,0.50
1,pd,StrD1,0.50
1,pd,StrD1,0.50
1,pd,StrD1,0.50
1,pd,StrD1,0.50
1,pd,StrD1,0.50
1,pd,StrD1,0.50
1,pd,StrD1,0.50
1,pd,StrD1,0.50
1,pd,StrD1,0.50
1,pd,StrD1,0.50
1,pd,StrD1,0.85
1,pd,StrD1,0.50
1,pd,StrD1,0.50
1,pd,StrD1,0.50
1,pd,StrD1,0.50
1,pd,StrD1,0.50
1,pd,StrD1,0.50
1,pd,StrD1,0.50
1,pd,StrD1,0.50
1,pd,StrD1,0.50
1,pd,StrD1,0.50
1,pd,StrD1,0.50
1,pd,StrD1,0.50
1,pd,StrD1,0.50
1,pd,StrD1,0.50
1,pd,StrD1,0.50
1,pd,StrD1,0.50
1,pd,StrD1,0.50
1,pd,StrD1,0.50
1,pd,StrD1,0.50
1,pd,StrD1,0.50
1,pd,StrD1,0.50
1,pd,StrD1,0.50
1,pd,StrD2,3.08
1,pd,StrD2,3.08
1,pd,StrD2,4.17
1,pd,StrD2,5.17
1,pd,StrD2,3.08
1,pd,StrD2,3.03
1,pd,StrD2,2.43
1,pd,StrD2,6.40
1,pd,StrD2,4.36
1,pd,StrD2,2.98
1,pd,StrD2,4.36
1,pd,StrD2,1.93
1,pd,StrD2,3.14
1,pd,StrD2,3.88
1,pd,StrD2,4.26
1,pd,StrD2,4.57
1,pd,StrD2,3.82
1,pd,StrD2,2.41
1,pd,StrD2,4.57
1,pd,StrD2,4.54
1,pd,StrD2,4.60
1,pd,StrD2,6.62
1,pd,StrD2,5.12
1,pd,StrD2,8.30
1,pd,StrD2,5.47
1,pd,StrD2,5.03
1,pd,StrD2,4.28
1,pd,StrD2,2.42
1,pd,StrD2,4.35
1,pd,StrD2,4.64
1,pd,StrD2,3.35
1,pd,StrD2,3.94
1,pd,StrD2,4.12
1,pd,StrD2,3.93
1,pd,StrD2,5.12
1,pd,StrD2,4.40
1,pd,StrD2,3.70
1,pd,StrD2,4.68
1,pd,StrD2,6.10
1,pd,StrD2,4.43
1,pd,StrD2,3.02
1,pd,StrD2,7.37
1,pd,StrD2,6.23
1,pd,StrD2,5.20
1,pd,StrD2,6.29
1,pd,StrD2,4.61
1,pd,StrD2,3.37
1,pd,StrD2,3.00
1,pd,StrD2,3.92
1,pd,StrD2,5.31
1,pd,StrD2,4.82
1,pd,StrD2,3.67
1,pd,StrD2,4.38
1,pd,StrD2,1.52
1,pd,StrD2,5.53
1,pd,StrD2,3.00
1,pd,StrD2,2.41
1,pd,StrD2,4.79
1,pd,StrD2,5.30
1,pd,StrD2,4.75
1,pd,StrD2,6.15
1,pd,StrD2,1.60
1,pd,StrD2,2.84
1,pd,StrD2,4.40
1,pd,StrD2,1.55
1,pd,StrD2,7.00
1,pd,StrD2,3.44
1,pd,StrD2,2.63
1,pd,StrD2,2.97
1,pd,StrD2,5.65
1,pd,StrD2,4.65
1,pd,StrD2,5.37
1,pd,StrD2,3.56
1,pd,StrD2,3.45
1,pd,StrD2,4.19
1,pd,StrD2,7.18
1,pd,StrD2,6.95
1,pd,StrD2,2.97
1,pd,StrD2,6.05
1,pd,StrD2,1.00
1,pd,StrD2,5.26
1,pd,StrD2,3.90
1,pd,StrD2,4.97
1,pd,StrD2,4.77
1,pd,StrD2,1.69
1,pd,StrD2,3.75
1,pd,StrD2,3.88
1,pd,StrD2,4.45
1,pd,StrD2,4.80
1,pd,StrD2,6.15
1,pd,StrD2,2.70
1,pd,StrD2,4.70
1,pd,StrD2,1.29
1,pd,StrD2,6.20
1,pd,StrD2,5.96
1,pd,StrD2,5.12
1,pd,StrD2,3.58
1,pd,StrD2,1.28
1,pd,StrD2,1.00
1,pd,StrD2,2.26
1,pd,GPe,7.85
1,pd,GPe,7.98
1,pd,GPe,8.04
1,pd,GPe,27.42
1,pd,GPe,22.60
1,pd,GPe,24.95
1,pd,GPe,26.70
1,pd,GPe,26.00
1,pd,GPe,21.25
1,pd,GPe,32.47
1,pd,GPe,7.83
1,pd,GPe,11.53
1,pd,GPe,7.93
1,pd,GPe,7.68
1,pd,GPe,7.90
1,pd,GPe,25.14
1,pd,GPe,26.50
1,pd,GPe,27.25
1,pd,GPe,26.93
1,pd,GPe,6.54
1,pd,GPe,17.25
1,pd,GPe,8.17
1,pd,GPe,29.75
1,pd,GPe,17.59
1,pd,GPe,12.26
1,pd,GPe,23.62
1,pd,GPe,9.39
1,pd,GPe,26.09
1,pd,GPe,7.64
1,pd,GPe,20.93
1,pd,GPe,27.17
1,pd,GPe,26.05
1,pd,GPe,22.31
1,pd,GPe,28.07
1,pd,GPe,27.44
1,pd,GPe,24.60
1,pd,GPe,7.77
1,pd,GPe,30.15
1,pd,GPe,17.10
1,pd,GPe,26.93
1,pd,GPe,26.66
1,pd,GPe,24.59
1,pd,GPe,27.54
1,pd,GPe,21.45
1,pd,GPe,23.72
1,pd,GPe,24.61
1,pd,GPe,16.50
1,pd,GPe,12.75
1,pd,GPe,31.79
1,pd,GPe,24.67
1,pd,GPe,34.05
1,pd,GPe,33.32
1,pd,GPe,33.05
1,pd,GPe,36.05
1,pd,GPe,35.37
1,pd,GPe,36.00
1,pd,GPe,36.80
1,pd,GPe,31.91
1,pd,GPe,32.10
1,pd,GPe,33.90
1,pd,GPe,31.55
1,pd,GPe,35.70
1,pd,GPe,32.50
1,pd,GPe,33.50
1,pd,GPe,36.46
1,pd,GPe,33.88
1,pd,GPe,32.85
1,pd,GPe,31.95
1,pd,GPe,31.23
1,pd,GPe,34.74
1,pd,GPe,31.80
1,pd,GPe,25.79
1,pd,GPe,35.82
1,pd,GPe,33.88
1,pd,GPe,31.25
1,pd,GPe,29.85
1,pd,GPe,35.25
1,pd,GPe,32.20
1,pd,GPe,33.74
1,pd,GPe,36.15
1,pd,GPe,33.15
1,pd,GPe,32.50
1,pd,GPe,32.12
1,pd,GPe,28.62
1,pd,GPe,37.90
1,pd,GPe,33.79
1,pd,GPe,33.36
1,pd,GPe,33.65
1,pd,GPe,35.30
1,pd,GPe,29.96
1,pd,GPe,36.70
1,pd,GPe,37.23
1,pd,GPe,32.77
1,pd,GPe,30.75
1,pd,GPe,31.60
1,pd,GPe,31.80
1,pd,GPe,34.40
1,pd,GPe,33.40
1,pd,GPe,42.71
1,pd,GPe,34.54
1,pd,GPi,44.70
1,pd,GPi,30.80
1,pd,GPi,33.50
1,pd,GPi,30.53
1,pd,GPi,30.58
1,pd,GPi,24.80
1,pd,GPi,26.35
1,pd,GPi,23.07
1,pd,GPi,28.95
1,pd,GPi,29.12
1,pd,GPi,36.84
1,pd,GPi,39.10
1,pd,GPi,17.66
1,pd,GPi,23.81
1,pd,GPi,26.55
1,pd,GPi,22.15
1,pd,GPi,32.00
1,pd,GPi,38.60
1,pd,GPi,27.50
1,pd,GPi,15.17
1,pd,GPi,19.82
1,pd,GPi,39.83
1,pd,GPi,30.58
1,pd,GPi,35.80
1,pd,GPi,33.15
1,pd,GPi,21.40
1,pd,GPi,43.91
1,pd,GPi,25.55
1,pd,GPi,22.42
1,pd,GPi,16.69
1,pd,GPi,34.05
1,pd,GPi,21.62
1,pd,GPi,11.30
1,pd,GPi,22.70
1,pd,GPi,29.12
1,pd,GPi,29.00
1,pd,GPi,13.85
1,pd,GPi,33.70
1,pd,GPi,15.75
1,pd,GPi,21.93
1,pd,GPi,15.40
1,pd,GPi,32.15
1,pd,GPi,27.25
1,pd,GPi,16.79
1,pd,GPi,13.26
1,pd,GPi,32.90
1,pd,GPi,51.00
1,pd,GPi,29.98
1,pd,GPi,24.58
1,pd,GPi,30.17
1,pd,GPi,27.93
1,pd,GPi,27.25
1,pd,GPi,19.41
1,pd,GPi,21.54
1,pd,GPi,18.92
1,pd,GPi,18.19
1,pd,GPi,22.25
1,pd,GPi,28.60
1,pd,GPi,26.59
1,pd,GPi,16.64
1,pd,GPi,37.80
1,pd,GPi,20.25
1,pd,GPi,18.74
1,pd,GPi,19.70
1,pd,GPi,20.33
1,pd,GPi,24.29
1,pd,GPi,28.60
1,pd,GPi,26.19
1,pd,GPi,21.96
1,pd,GPi,18.35
1,pd,GPi,21.25
1,pd,GPi,16.42
1,pd,GPi,29.15
1,pd,GPi,24.30
1,pd,GPi,27.68
1,pd,GPi,37.65
1,pd,GPi,25.19
1,pd,GPi,18.19
1,pd,GPi,17.38
1,pd,GPi,23.50
1,pd,GPi,36.77
1,pd,GPi,23.12
1,pd,GPi,30.65
1,pd,GPi,29.00
1,pd,GPi,36.82
1,pd,GPi,26.20
1,pd,GPi,31.38
1,pd,GPi,15.57
1,pd,GPi,26.44
1,pd,GPi,29.18
1,pd,GPi,22.55
1,pd,GPi,16.80
1,pd,GPi,28.97
1,pd,GPi,36.55
1,pd,GPi,31.84
1,pd,GPi,23.62
1,pd,GPi,28.71
1,pd,GPi,25.80
1,pd,GPi,34.90
1,pd,GPi,22.62
1,pd,TH,13.69
1,pd,TH,7.93
1,pd,TH,6.00
1,pd,TH,16.87
1,pd,TH,28.27
1,pd,TH,25.63
1,pd,TH,26.12
1,pd,TH,13.28
1,pd,TH,8.48
1,pd,TH,18.68
1,pd,TH,20.95
1,pd,TH,18.64
1,pd,TH,9.65
1,pd,TH,13.10
1,pd,TH,11.79
1,pd,TH,14.20
1,pd,TH,28.15
1,pd,TH,24.37
1,pd,TH,14.52
1,pd,TH,15.65
1,pd,TH,9.87
1,pd,TH,11.10
1,pd,TH,23.52
1,pd,TH,21.86
1,pd,TH,24.48
1,pd,TH,12.13
1,pd,TH,15.68
1,pd,TH,1.86
1,pd,TH,13.30
1,pd,TH,18.98
1,pd,TH,27.97
1,pd,TH,11.79
1,pd,TH,17.02
1,pd,TH,11.62
1,pd,TH,5.58
1,pd,TH,8.83
1,pd,TH,10.90
1,pd,TH,34.55
1,pd,TH,12.68
1,pd,TH,13.88
1,pd,TH,15.07
1,pd,TH,17.85
1,pd,TH,6.35
1,pd,TH,11.98
1,pd,TH,18.89
1,pd,TH,20.18
1,pd,TH,6.64
1,pd,TH,17.25
1,pd,TH,4.91
1,pd,TH,21.23
1,pd,TH,2.89
1,pd,TH,3.40
1,pd,TH,4.38
1,pd,TH,0.67
1,pd,TH,3.87
1,pd,TH,1.27
1,pd,TH,1.16
1,pd,TH,5.02
1,pd,TH,3.65
1,pd,TH,6.03
1,pd,TH,6.20
1,pd,TH,1.10
1,pd,TH,3.00
1,pd,TH,4.95
1,pd,TH,1.36
1,pd,TH,6.02
1,pd,TH,2.27
1,pd,TH,1.58
1,pd,TH,1.36
1,pd,TH,5.72
1,pd,TH,3.55
1,pd,TH,5.48
1,pd,TH,2.91
1,pd,TH,3.88
1,pd,TH,5.58
1,pd,TH,7.14
1,pd,TH,7.63
1,pd,TH,1.85
1,pd,TH,5.42
1,pd,TH,0.50
1,pd,TH,7.85
1,pd,TH,3.96
1,pd,TH,4.63
1,pd,TH,4.32
1,pd,TH,1.45
1,pd,TH,2.56
1,pd,TH,3.16
1,pd,TH,3.91
1,pd,TH,2.74
1,pd,TH,5.34
1,pd,TH,4.53
1,pd,TH,5.89
1,pd,TH,1.06
1,pd,TH,8.78
1,pd,TH,3.98
1,pd,TH,5.65
1,pd,TH,2.19
1,pd,TH,0.95
1,pd,TH,0.60
1,pd,TH,1.57
1,pd,STN,28.88
1,pd,STN,25.34
1,pd,STN,27.50
1,pd,STN,18.85
1,pd,STN,18.00
1,pd,STN,17.81
1,pd,STN,18.75
1,pd,STN,16.36
1,pd,STN,19.60
1,pd,STN,14.40
1,pd,STN,28.64
1,pd,STN,23.91
1,pd,STN,26.75
1,pd,STN,28.86
1,pd,STN,28.46
1,pd,STN,14.80
1,pd,STN,21.30
1,pd,STN,19.38
1,pd,STN,15.85
1,pd,STN,27.37
1,pd,STN,20.45
1,pd,STN,28.64
1,pd,STN,20.65
1,pd,STN,23.70
1,pd,STN,27.80
1,pd,STN,18.55
1,pd,STN,24.20
1,pd,STN,13.57
1,pd,STN,26.62
1,pd,STN,18.43
1,pd,STN,20.73
1,pd,STN,16.56
1,pd,STN,19.91
1,pd,STN,16.80
1,pd,STN,14.61
1,pd,STN,15.62
1,pd,STN,25.56
1,pd,STN,18.40
1,pd,STN,21.53
1,pd,STN,18.25
1,pd,STN,15.94
1,pd,STN,18.58
1,pd,STN,17.60
1,pd,STN,20.92
1,pd,STN,20.68
1,pd,STN,20.88
1,pd,STN,19.47
1,pd,STN,22.70
1,pd,STN,15.09
1,pd,STN,20.11
1,pd,STN,11.96
1,pd,STN,12.86
1,pd,STN,12.45
1,pd,STN,9.55
1,pd,STN,12.75
1,pd,STN,9.35
1,pd,STN,10.95
1,pd,STN,13.60
1,pd,STN,12.83
1,pd,STN,12.54
1,pd,STN,15.15
1,pd,STN,10.25
1,pd,STN,12.10
1,pd,STN,13.29
1,pd,STN,8.70
1,pd,STN,13.00
1,pd,STN,13.11
1,pd,STN,12.39
1,pd,STN,11.30
1,pd,STN,13.13
1,pd,STN,12.06
1,pd,STN,16.24
1,pd,STN,11.47
1,pd,STN,12.14
1,pd,STN,13.76
1,pd,STN,15.28
1,pd,STN,14.82
1,pd,STN,12.45
1,pd,STN,13.02
1,pd,STN,9.55
1,pd,STN,13.29
1,pd,STN,12.58
1,pd,STN,14.05
1,pd,STN,13.95
1,pd,STN,8.78
1,pd,STN,12.08
1,pd,STN,11.32
1,pd,STN,12.57
1,pd,STN,12.20
1,pd,STN,15.14
1,pd,STN,12.59
1,pd,STN,12.85
1,pd,STN,9.91
1,pd,STN,16.38
1,pd,STN,14.10
1,pd,STN,13.00
1,pd,STN,10.95
1,pd,STN,10.70
1,pd,STN,3.78
1,pd,STN,10.41
1,pd,CTX_RS,5.95
1,pd,CTX_RS,7.05
1,pd,CTX_RS,4.79
1,pd,CTX_RS,11.04
1,pd,CTX_RS,11.30
1,pd,CTX_RS,9.84
1,pd,CTX_RS,13.09
1,pd,CTX_RS,8.58
1,pd,CTX_RS,5.10
1,pd,CTX_RS,10.92
1,pd,CTX_RS,4.72
1,pd,CTX_RS,6.64
1,pd,CTX_RS,4.30
1,pd,CTX_RS,8.90
1,pd,CTX_RS,3.47
1,pd,CTX_RS,7.71
1,pd,CTX_RS,17.90
1,pd,CTX_RS,15.05
1,pd,CTX_RS,8.27
1,pd,CTX_RS,3.75
1,pd,CTX_RS,7.05
1,pd,CTX_RS,3.96
1,pd,CTX_RS,12.73
1,pd,CTX_RS,10.27
1,pd,CTX_RS,14.80
1,pd,CTX_RS,7.71
1,pd,CTX_RS,4.47
1,pd,CTX_RS,2.16
1,pd,CTX_RS,3.54
1,pd,CTX_RS,11.15
1,pd,CTX_RS,17.20
1,pd,CTX_RS,7.08
1,pd,CTX_RS,9.35
1,pd,CTX_RS,4.56
1,pd,CTX_RS,4.62
1,pd,CTX_RS,4.75
1,pd,CTX_RS,3.83
1,pd,CTX_RS,19.15
1,pd,CTX_RS,8.59
1,pd,CTX_RS,5.10
1,pd,CTX_RS,10.25
1,pd,CTX_RS,7.21
1,pd,CTX_RS,6.04
1,pd,CTX_RS,5.17
1,pd,CTX_RS,11.70
1,pd,CTX_RS,10.30
1,pd,CTX_RS,3.84
1,pd,CTX_RS,4.12
1,pd,CTX_RS,3.95
1,pd,CTX_RS,12.40
1,pd,CTX_RS,4.32
1,pd,CTX_RS,3.10
1,pd,CTX_RS,4.30
1,pd,CTX_RS,1.03
1,pd,CTX_RS,4.95
1,pd,CTX_RS,2.65
1,pd,CTX_RS,1.88
1,pd,CTX_RS,5.30
1,pd,CTX_RS,4.75
1,pd,CTX_RS,4.43
1,pd,CTX_RS,5.85
1,pd,CTX_RS,1.10
1,pd,CTX_RS,2.41
1,pd,CTX_RS,5.50
1,pd,CTX_RS,1.18
1,pd,CTX_RS,6.45
1,pd,CTX_RS,3.18
1,pd,CTX_RS,2.83
1,pd,CTX_RS,2.65
1,pd,CTX_RS,5.54
1,pd,CTX_RS,4.27
1,pd,CTX_RS,5.10
1,pd,CTX_RS,2.86
1,pd,CTX_RS,4.55
1,pd,CTX_RS,3.62
1,pd,CTX_RS,6.80
1,pd,CTX_RS,6.54
1,pd,CTX_RS,2.73
1,pd,CTX_RS,6.40
1,pd,CTX_RS,0.48
1,pd,CTX_RS,5.00
1,pd,CTX_RS,3.57
1,pd,CTX_RS,4.54
1,pd,CTX_RS,4.25
1,pd,CTX_RS,1.14
1,pd,CTX_RS,2.57
1,pd,CTX_RS,3.80
1,pd,CTX_RS,4.95
1,pd,CTX_RS,4.35
1,pd,CTX_RS,5.95
1,pd,CTX_RS,3.81
1,pd,CTX_RS,5.62
1,pd,CTX_RS,0.87
1,pd,CTX_RS,8.30
1,pd,CTX_RS,5.45
1,pd,CTX_RS,3.21
1,pd,CTX_RS,3.33
1,pd,CTX_RS,0.75
1,pd,CTX_RS,0.33
1,pd,CTX_RS,2.35
1,pd,CTX_FSI,8.87
1,pd,CTX_FSI,7.29
1,pd,CTX_FSI,5.50
1,pd,CTX_FSI,17.52
1,pd,CTX_FSI,15.58
1,pd,CTX_FSI,14.29
1,pd,CTX_FSI,19.06
1,pd,CTX_FSI,14.25
1,pd,CTX_FSI,7.52
1,pd,CTX_FSI,16.47
1,pd,CTX_FSI,6.30
1,pd,CTX_FSI,7.56
1,pd,CTX_FSI,3.46
1,pd,CTX_FSI,11.12
1,pd,CTX_FSI,2.97
1,pd,CTX_FSI,13.59
1,pd,CTX_FSI,31.05
1,pd,CTX_FSI,22.10
1,pd,CTX_FSI,12.38
1,pd,CTX_FSI,3.76
1,pd,CTX_FSI,8.35
1,pd,CTX_FSI,4.37
1,pd,CTX_FSI,20.00
1,pd,CTX_FSI,15.12
1,pd,CTX_FSI,19.94
1,pd,CTX_FSI,11.41
1,pd,CTX_FSI,5.04
1,pd,CTX_FSI,2.10
1,pd,CTX_FSI,3.67
1,pd,CTX_FSI,16.57
1,pd,CTX_FSI,27.76
1,pd,CTX_FSI,9.67
1,pd,CTX_FSI,11.07
1,pd,CTX_FSI,6.32
1,pd,CTX_FSI,6.36
1,pd,CTX_FSI,5.95
1,pd,CTX_FSI,3.54
1,pd,CTX_FSI,35.39
1,pd,CTX_FSI,11.79
1,pd,CTX_FSI,5.27
1,pd,CTX_FSI,16.06
1,pd,CTX_FSI,8.35
1,pd,CTX_FSI,9.08
1,pd,CTX_FSI,5.80
1,pd,CTX_FSI,16.70
1,pd,CTX_FSI,11.84
1,pd,CTX_FSI,3.65
1,pd,CTX_FSI,3.75
1,pd,CTX_FSI,4.73
1,pd,CTX_FSI,19.54
1,pd,CTX_FSI,6.22
1,pd,CTX_FSI,4.19
1,pd,CTX_FSI,4.53
1,pd,CTX_FSI,0.75
1,pd,CTX_FSI,6.86
1,pd,CTX_FSI,2.46
1,pd,CTX_FSI,1.94
1,pd,CTX_FSI,7.05
1,pd,CTX_FSI,6.52
1,pd,CTX_FSI,5.62
1,pd,CTX_FSI,7.10
1,pd,CTX_FSI,0.27
1,pd,CTX_FSI,1.30
1,pd,CTX_FSI,9.33
1,pd,CTX_FSI,0.71
1,pd,CTX_FSI,11.53
1,pd,CTX_FSI,3.98
1,pd,CTX_FSI,3.15
1,pd,CTX_FSI,2.12
1,pd,CTX_FSI,8.13
1,pd,CTX_FSI,6.05
1,pd,CTX_FSI,6.43
1,pd,CTX_FSI,2.90
1,pd,CTX_FSI,5.81
1,pd,CTX_FSI,3.10
1,pd,CTX_FSI,8.96
1,pd,CTX_FSI,10.41
1,pd,CTX_FSI,2.48
1,pd,CTX_FSI,11.32
1,pd,CTX_FSI,0.40
1,pd,CTX_FSI,5.74
1,pd,CTX_FSI,4.05
1,pd,CTX_FSI,6.22
1,pd,CTX_FSI,4.28
1,pd,CTX_FSI,0.15
1,pd,CTX_FSI,2.27
1,pd,CTX_FSI,4.62
1,pd,CTX_FSI,7.25
1,pd,CTX_FSI,5.65
1,pd,CTX_FSI,9.07
1,pd,CTX_FSI,3.72
1,pd,CTX_FSI,8.81
1,pd,CTX_FSI,0.50
1,pd,CTX_FSI,9.69
1,pd,CTX_FSI,7.23
1,pd,CTX_FSI,2.87
1,pd,CTX_FSI,4.06
1,pd,CTX_FSI,0.00
1,pd,CTX_FSI,0.11
1,pd,CTX_FSI,1.98
